product_name,product_image_urls,sales_price,retail_price,product_url,brand
UO Rebecca Long Sleeve Mini Dress,https://images.urbndata.com/is/image/UrbanOutfitters/79347209_013_b?$medium$&qlt=80&fit=constrain,49.99,89.00,https://www.urbanoutfitters.com/shop/uo-rebecca-long-sleeve-mini-dress?category=womens-clothing-sale&color=013,Urban Outfitters
UO Calypso Cinched Asymmetrical Cami,https://images.urbndata.com/is/image/UrbanOutfitters/81126336_001_b?$medium$&qlt=80&fit=constrain,19.99,35.00,https://www.urbanoutfitters.com/shop/uo-calypso-cinched-asymmetrical-cami?category=womens-clothing-sale&color=001,Urban Outfitters
UO Becca Printed Puff Sleeve Mini Dress,https://images.urbndata.com/is/image/UrbanOutfitters/80408453_038_b?$medium$&qlt=80&fit=constrain,39.99,69.00,https://www.urbanoutfitters.com/shop/uo-becca-printed-puff-sleeve-mini-dress?category=womens-clothing-sale&color=038,Urban Outfitters
UO Sienna Floral Embroidered Mini Dress,https://images.urbndata.com/is/image/UrbanOutfitters/80373236_009_b?$medium$&qlt=80&fit=constrain,49.99,84.00,https://www.urbanoutfitters.com/shop/uo-sienna-floral-embroidered-mini-dress?category=womens-clothing-sale&color=009,Urban Outfitters
UO Picnic Time Midi Dress,https://images.urbndata.com/is/image/UrbanOutfitters/80267487_012_b?$medium$&qlt=80&fit=constrain,49.99,89.00,https://www.urbanoutfitters.com/shop/uo-picnic-time-midi-dress?category=womens-clothing-sale&color=012,Urban Outfitters
Round Two X Nickelodeon UO Exclusive Rakeem Miles SpongeBob Tee,https://images.urbndata.com/is/image/UrbanOutfitters/80361702_079_b?$medium$&qlt=80&fit=constrain,19.99,39.00,https://www.urbanoutfitters.com/shop/round-two-x-nickelodeon-uo-exclusive-rakeem-miles-spongebob-tee?category=womens-clothing-sale&color=079,Urban Outfitters
UO Fifi Ruched Cropped Top,https://images.urbndata.com/is/image/UrbanOutfitters/80072309_066_b?$medium$&qlt=80&fit=constrain,19.99,39.00,https://www.urbanoutfitters.com/shop/uo-fifi-ruched-cropped-top?category=womens-clothing-sale&color=066,Urban Outfitters
UO Mia Ribbed Cinched Sweater,https://images.urbndata.com/is/image/UrbanOutfitters/80323751_001_b?$medium$&qlt=80&fit=constrain,29.99,55.00,https://www.urbanoutfitters.com/shop/uo-mia-ribbed-cinched-sweater?category=womens-clothing-sale&color=001,Urban Outfitters
UO Casey Linen Utility Jumpsuit,https://images.urbndata.com/is/image/UrbanOutfitters/80496904_030_b?$medium$&qlt=80&fit=constrain,49.99,109.00,https://www.urbanoutfitters.com/shop/uo-casey-linen-utility-jumpsuit?category=womens-clothing-sale&color=030,Urban Outfitters
Round Two X Nickelodeon UO Exclusive Rakeem Miles Sandy Cheeks Tee,https://images.urbndata.com/is/image/UrbanOutfitters/80361579_011_b?$medium$&qlt=80&fit=constrain,19.99,39.00,https://www.urbanoutfitters.com/shop/round-two-x-nickelodeon-uo-exclusive-rakeem-miles-sandy-cheeks-tee?category=womens-clothing-sale&color=011,Urban Outfitters
Soundgarden Tour T-Shirt Dress,https://images.urbndata.com/is/image/UrbanOutfitters/81349300_060_b?$medium$&qlt=80&fit=constrain,24.99,45.00,https://www.urbanoutfitters.com/shop/soundgarden-tour-t-shirt-dress2?category=womens-clothing-sale&color=060,Urban Outfitters
UO True Romance Babydoll Top,https://images.urbndata.com/is/image/UrbanOutfitters/79864534_001_b?$medium$&qlt=80&fit=constrain,24.99,49.00,https://www.urbanoutfitters.com/shop/uo-true-romance-babydoll-top?category=womens-clothing-sale&color=001,Urban Outfitters
UO Pru Peekaboo Sweater Cami,https://images.urbndata.com/is/image/UrbanOutfitters/80024326_011_b?$medium$&qlt=80&fit=constrain,19.99,39.00,https://www.urbanoutfitters.com/shop/uo-pru-peekaboo-sweater-cami?category=womens-clothing-sale&color=011,Urban Outfitters
BDG Betty Notch Neck Cropped Tee,https://images.urbndata.com/is/image/UrbanOutfitters/80149073_010_b?$medium$&qlt=80&fit=constrain,19.99,35.00,https://www.urbanoutfitters.com/shop/bdg-betty-notch-neck-cropped-tee?category=womens-clothing-sale&color=010,Urban Outfitters
UO Tyra Sweater Tube Top,https://images.urbndata.com/is/image/UrbanOutfitters/79977161_050_b?$medium$&qlt=80&fit=constrain,19.99,45.00,https://www.urbanoutfitters.com/shop/uo-tyra-sweater-tube-top?category=womens-clothing-sale&color=050,Urban Outfitters
UO Rudie Open-Knit Hooded Duster Cardigan,https://images.urbndata.com/is/image/UrbanOutfitters/80164965_001_b?$medium$&qlt=80&fit=constrain,49.99,89.00,https://www.urbanoutfitters.com/shop/uo-rudie-open-knit-hooded-duster-cardigan?category=womens-clothing-sale&color=001,Urban Outfitters
UO Be My Baby Smocked Cami,https://images.urbndata.com/is/image/UrbanOutfitters/80075500_001_b?$medium$&qlt=80&fit=constrain,19.99,39.00,https://www.urbanoutfitters.com/shop/uo-be-my-baby-smocked-cami?category=womens-clothing-sale&color=001,Urban Outfitters
Bikini Kill Band Tee,https://images.urbndata.com/is/image/UrbanOutfitters/81595837_066_b?$medium$&qlt=80&fit=constrain,24.99,45.00,https://www.urbanoutfitters.com/shop/bikini-kill-band-tee?category=womens-clothing-sale&color=066,Urban Outfitters
UO Holographic Bear Baby Tee,https://images.urbndata.com/is/image/UrbanOutfitters/80051915_030_b?$medium$&qlt=80&fit=constrain,19.99,35.00,https://www.urbanoutfitters.com/shop/uo-holographic-bear-baby-tee?category=womens-clothing-sale&color=030,Urban Outfitters
UO Gossamer Flyaway Top,https://images.urbndata.com/is/image/UrbanOutfitters/79834982_001_b?$medium$&qlt=80&fit=constrain,24.99,45.00,https://www.urbanoutfitters.com/shop/uo-gossamer-flyaway-top?category=womens-clothing-sale&color=001,Urban Outfitters
UO Silva Rayon Mini Dress,https://images.urbndata.com/is/image/UrbanOutfitters/80119563_060_b?$medium$&qlt=80&fit=constrain,34.99,69.00,https://www.urbanoutfitters.com/shop/uo-silva-rayon-mini-dress?category=womens-clothing-sale&color=060,Urban Outfitters
UO Farrah Sheer Lace Corset Cami,https://images.urbndata.com/is/image/UrbanOutfitters/79833901_040_b?$medium$&qlt=80&fit=constrain,19.99,39.00,https://www.urbanoutfitters.com/shop/uo-farrah-sheer-lace-corset-cami?category=womens-clothing-sale&color=040,Urban Outfitters
UO Try Me Long Sleeve Graphic Tee,https://images.urbndata.com/is/image/UrbanOutfitters/80130081_004_b?$medium$&qlt=80&fit=constrain,24.99,45.00,https://www.urbanoutfitters.com/shop/uo-try-me-long-sleeve-graphic-tee?category=womens-clothing-sale&color=004,Urban Outfitters
UO Maryn Tie-Front Cardigan,https://images.urbndata.com/is/image/UrbanOutfitters/79306569_011_b?$medium$&qlt=80&fit=constrain,29.99,59.00,https://www.urbanoutfitters.com/shop/uo-maryn-tie-front-cardigan?category=womens-clothing-sale&color=011,Urban Outfitters
UO I Used To Care Oversized Tee,https://images.urbndata.com/is/image/UrbanOutfitters/80534241_072_b?$medium$&qlt=80&fit=constrain,19.99,39.00,https://www.urbanoutfitters.com/shop/uo-i-used-to-care-oversized-tee?category=womens-clothing-sale&color=072,Urban Outfitters
UO Celin Flower-Button Cardigan,https://images.urbndata.com/is/image/UrbanOutfitters/79356580_000_b?$medium$&qlt=80&fit=constrain,29.99,59.00,https://www.urbanoutfitters.com/shop/uo-celin-flower-button-cardigan?category=womens-clothing-sale&color=000,Urban Outfitters
UO Zander Cinched Open-Front Cardigan,https://images.urbndata.com/is/image/UrbanOutfitters/80693500_012_b?$medium$&qlt=80&fit=constrain,24.99,49.00,https://www.urbanoutfitters.com/shop/uo-zander-cinched-open-front-cardigan?category=womens-clothing-sale&color=012,Urban Outfitters
UO Lottie Cropped Cardigan,https://images.urbndata.com/is/image/UrbanOutfitters/79640322_040_b?$medium$&qlt=80&fit=constrain,29.99,55.00,https://www.urbanoutfitters.com/shop/uo-lottie-cropped-cardigan?category=womens-clothing-sale&color=040,Urban Outfitters
UO Snack Time Oversized Tee,https://images.urbndata.com/is/image/UrbanOutfitters/80534399_001_b?$medium$&qlt=80&fit=constrain,19.99,39.00,https://www.urbanoutfitters.com/shop/uo-snack-time-oversized-tee?category=womens-clothing-sale&color=001,Urban Outfitters
UO Zinnia Sequin Low-Rise Mini Skirt,https://images.urbndata.com/is/image/UrbanOutfitters/78390663_007_b?$medium$&qlt=80&fit=constrain,29.99,79.00,https://www.urbanoutfitters.com/shop/uo-zinnia-sequin-low-rise-mini-skirt?category=womens-clothing-sale&color=007,Urban Outfitters
BC Footwear Left Unsaid Lug Sandal,https://images.urbndata.com/is/image/UrbanOutfitters/59808824_040_b?$medium$&qlt=80&fit=constrain,24.99,45.00,https://www.urbanoutfitters.com/shop/bc-footwear-left-unsaid-lug-sandal?category=womens-clothing-sale&color=040,Urban Outfitters
BDG Mason Layered Long Sleeve Top,https://images.urbndata.com/is/image/UrbanOutfitters/69676617_060_b?$medium$&qlt=80&fit=constrain,34.99,49.00,https://www.urbanoutfitters.com/shop/bdg-mason-layered-long-sleeve-top?category=womens-clothing-sale&color=060,Urban Outfitters
Lucy Medium Crescent Bag,https://images.urbndata.com/is/image/UrbanOutfitters/80838790_083_b?$medium$&qlt=80&fit=constrain,44.99 – 89.00,89.00,https://www.urbanoutfitters.com/shop/lucy-medium-crescent-bag?category=womens-clothing-sale&color=083,Urban Outfitters
Urban Renewal Remade Squares Pieced Sweater,https://images.urbndata.com/is/image/UrbanOutfitters/79662748_014_b?$medium$&qlt=80&fit=constrain,19.99 – 29.99,39.00,https://www.urbanoutfitters.com/shop/urban-renewal-remade-squares-pieced-sweater?category=womens-clothing-sale&color=014,Urban Outfitters
UO Mimi Semi-Sheer Textured Crew Neck Top,https://images.urbndata.com/is/image/UrbanOutfitters/79905345_001_b?$medium$&qlt=80&fit=constrain,24.99 – 34.99,49.00,https://www.urbanoutfitters.com/shop/uo-mimi-semi-sheer-textured-crew-neck-top?category=womens-clothing-sale&color=001,Urban Outfitters
UO Devon Metal Studded Crossbody Bag,https://images.urbndata.com/is/image/UrbanOutfitters/80464720_062_b?$medium$&qlt=80&fit=constrain,29.99,39.00,https://www.urbanoutfitters.com/shop/uo-devon-metal-studded-crossbody-bag?category=womens-clothing-sale&color=062,Urban Outfitters
UO Lucy Mini Classic Crescent Bag,https://images.urbndata.com/is/image/UrbanOutfitters/80838816_062_b?$medium$&qlt=80&fit=constrain,39.99,59.00,https://www.urbanoutfitters.com/shop/uo-lucy-mini-classic-crescent-bag?category=womens-clothing-sale&color=062,Urban Outfitters
BDG Anya Cropped Trouser Pant,https://images.urbndata.com/is/image/UrbanOutfitters/81755241_023_b?$medium$&qlt=80&fit=constrain,24.99,45.00,https://www.urbanoutfitters.com/shop/bdg-anya-cropped-trouser-pant?category=womens-clothing-sale&color=023,Urban Outfitters
Out From Under Go For Gold Seamless Cropped Long Sleeve Top,https://images.urbndata.com/is/image/UrbanOutfitters/78513207_080_b?$medium$&qlt=80&fit=constrain,14.95 – 24.99,45.00 – 49.00,https://www.urbanoutfitters.com/shop/out-from-under-go-for-gold-seamless-cropped-long-sleeve-top?category=womens-clothing-sale&color=080,Urban Outfitters
Out From Under Marianne Seamless Bodysuit,https://images.urbndata.com/is/image/UrbanOutfitters/64516610_062_b?$medium$&qlt=80&fit=constrain,49.99,69.00,https://www.urbanoutfitters.com/shop/out-from-under-marianne-seamless-bodysuit?category=womens-clothing-sale&color=062,Urban Outfitters
UO Scarlet Eyelet Cropped Blouse,https://images.urbndata.com/is/image/UrbanOutfitters/81906653_040_b?$medium$&qlt=80&fit=constrain,39.99,55.00,https://www.urbanoutfitters.com/shop/uo-scarlet-eyelet-cropped-blouse?category=womens-clothing-sale&color=040,Urban Outfitters
Daisy Street Wide-Leg Track Pant,https://images.urbndata.com/is/image/UrbanOutfitters/80046246_040_b?$medium$&qlt=80&fit=constrain,29.99,45.00,https://www.urbanoutfitters.com/shop/daisy-street-wide-leg-track-pant?category=womens-clothing-sale&color=040,Urban Outfitters
UO Trisha Wrap Top,https://images.urbndata.com/is/image/UrbanOutfitters/81392342_066_b?$medium$&qlt=80&fit=constrain,29.99,45.00,https://www.urbanoutfitters.com/shop/uo-trisha-wrap-top?category=womens-clothing-sale&color=066,Urban Outfitters
UO Nikko Lace Long Sleeve Top,https://images.urbndata.com/is/image/UrbanOutfitters/80381734_011_b?$medium$&qlt=80&fit=constrain,64.99,74.00,https://www.urbanoutfitters.com/shop/uo-nikko-lace-long-sleeve-top?category=womens-clothing-sale&color=011,Urban Outfitters
UO Vale Printed Balloon Jumpsuit,https://images.urbndata.com/is/image/UrbanOutfitters/81169161_001_b?$medium$&qlt=80&fit=constrain,2.99 – 4.99,8.00,https://www.urbanoutfitters.com/shop/uo-vale-printed-balloon-jumpsuit?category=womens-clothing-sale&color=001,Urban Outfitters
Out From Under Chloe Seamless Knit G-String,https://images.urbndata.com/is/image/UrbanOutfitters/51532091_014_b?$medium$&qlt=80&fit=constrain,89.99,120.00,https://www.urbanoutfitters.com/shop/out-from-under-chloe-seamless-knit-g-string?category=womens-clothing-sale&color=014,Urban Outfitters
SILFEN Isobel Patent Shoulder Bag,https://images.urbndata.com/is/image/UrbanOutfitters/76078724_007_b?$medium$&qlt=80&fit=constrain,14.99,29.00,https://www.urbanoutfitters.com/shop/silfen-isobel-patent-shoulder-bag?category=womens-clothing-sale&color=007,Urban Outfitters
Kaz Faux Leather Classic Cabbie Hat,https://images.urbndata.com/is/image/UrbanOutfitters/81219636_040_b?$medium$&qlt=80&fit=constrain,39.99,59.00,https://www.urbanoutfitters.com/shop/kaz-faux-leather-classic-cabbie-hat?category=womens-clothing-sale&color=040,Urban Outfitters
Daisy Street Belted Flare Pant,https://images.urbndata.com/is/image/UrbanOutfitters/78270253_030_b?$medium$&qlt=80&fit=constrain,24.99,35.00,https://www.urbanoutfitters.com/shop/daisy-street-belted-flare-pant?category=womens-clothing-sale&color=030,Urban Outfitters
Out From Under Dolly Lace Buttoned Tank Top,https://images.urbndata.com/is/image/UrbanOutfitters/80405889_005_b?$medium$&qlt=80&fit=constrain,79.99,110.00,https://www.urbanoutfitters.com/shop/out-from-under-dolly-lace-buttoned-tank-top?category=womens-clothing-sale&color=005,Urban Outfitters
Levi’s® Baggy Dad Low-Rise Trouser Pant,https://images.urbndata.com/is/image/UrbanOutfitters/79918280_086_b?$medium$&qlt=80&fit=constrain,49.99,69.00,https://www.urbanoutfitters.com/shop/levis-baggy-dad-low-rise-trouser-pant?category=womens-clothing-sale&color=086,Urban Outfitters
Out From Under Faye Oversized Zip-Up Sweatshirt,https://images.urbndata.com/is/image/UrbanOutfitters/80001134_003_b?$medium$&qlt=80&fit=constrain,49.99,99.00,https://www.urbanoutfitters.com/shop/out-from-under-faye-oversized-zip-up-sweatshirt?category=womens-clothing-sale&color=003,Urban Outfitters
UO Noa Faux Suede Tie-Front Jacket,https://images.urbndata.com/is/image/UrbanOutfitters/80043557_024_b?$medium$&qlt=80&fit=constrain,44.99,59.00,https://www.urbanoutfitters.com/shop/uo-noa-faux-suede-tie-front-jacket?category=womens-clothing-sale&color=024,Urban Outfitters
BDG Hallie Distressed Polo Top,https://images.urbndata.com/is/image/UrbanOutfitters/80170418_080_b?$medium$&qlt=80&fit=constrain,9.99,12.00,https://www.urbanoutfitters.com/shop/bdg-hallie-distressed-polo-top?category=womens-clothing-sale&color=080,Urban Outfitters
Velvet Scrunchie Set,https://images.urbndata.com/is/image/UrbanOutfitters/37867181_063_b?$medium$&qlt=80&fit=constrain,49.99,109.00,https://www.urbanoutfitters.com/shop/velvet-scrunchie-set2?category=womens-clothing-sale&color=063,Urban Outfitters
UO Rene Quilted Liner Jacket,https://images.urbndata.com/is/image/UrbanOutfitters/80192396_237_b?$medium$&qlt=80&fit=constrain,49.99,109.00,https://www.urbanoutfitters.com/shop/uo-rene-quilted-liner-jacket?category=womens-clothing-sale&color=237,Urban Outfitters
UO Francis Nylon Car Coat,https://images.urbndata.com/is/image/UrbanOutfitters/79837159_030_b?$medium$&qlt=80&fit=constrain,49.99,69.00,https://www.urbanoutfitters.com/shop/uo-francis-nylon-car-coat?category=womens-clothing-sale&color=030,Urban Outfitters
Lioness Amelie Foldover Low-Rise Pant,https://images.urbndata.com/is/image/UrbanOutfitters/80620859_001_b?$medium$&qlt=80&fit=constrain,34.99,49.00,https://www.urbanoutfitters.com/shop/lioness-amelie-foldover-low-rise-pant?category=womens-clothing-sale&color=001,Urban Outfitters
Out From Under Joey Bootleg Pant,https://images.urbndata.com/is/image/UrbanOutfitters/80679962_054_b?$medium$&qlt=80&fit=constrain,39.99,59.00,https://www.urbanoutfitters.com/shop/out-from-under-joey-bootleg-pant?category=womens-clothing-sale&color=054,Urban Outfitters
Out From Under Modern Love Overdrive Fishnet Corset,https://images.urbndata.com/is/image/UrbanOutfitters/79877171_010_b?$medium$&qlt=80&fit=constrain,24.99,49.00,https://www.urbanoutfitters.com/shop/out-from-under-modern-love-overdrive-fishnet-corset?category=womens-clothing-sale&color=010,Urban Outfitters
Urban Renewal Remade Cropped Cable Knit Sweater,https://images.urbndata.com/is/image/UrbanOutfitters/82022831_001_b?$medium$&qlt=80&fit=constrain,24.99,35.00,https://www.urbanoutfitters.com/shop/urban-renewal-remade-cropped-cable-knit-sweater?category=womens-clothing-sale&color=001,Urban Outfitters
Out From Under Eros Seamless Tank Top,https://images.urbndata.com/is/image/UrbanOutfitters/80793821_001_b?$medium$&qlt=80&fit=constrain,24.99,35.00,https://www.urbanoutfitters.com/shop/out-from-under-eros-seamless-tank-top?category=womens-clothing-sale&color=001,Urban Outfitters
UO Daria Modern Racerback Tank Top,https://images.urbndata.com/is/image/UrbanOutfitters/82524265_001_b?$medium$&qlt=80&fit=constrain,59.99,79.00,https://www.urbanoutfitters.com/shop/uo-daria-modern-racerback-tank-top?category=womens-clothing-sale&color=001,Urban Outfitters
UO Nova Smocked Wide-Leg Jumpsuit,https://images.urbndata.com/is/image/UrbanOutfitters/80496755_039_b?$medium$&qlt=80&fit=constrain,99.99,199.00,https://www.urbanoutfitters.com/shop/uo-nova-smocked-wide-leg-jumpsuit?category=womens-clothing-sale&color=039,Urban Outfitters
The North Face Elements 2000 Jacket,https://images.urbndata.com/is/image/UrbanOutfitters/68264845_007_b?$medium$&qlt=80&fit=constrain,79.99,145.00,https://www.urbanoutfitters.com/shop/the-north-face-elements-2000-jacket?category=womens-clothing-sale&color=007,Urban Outfitters
Vagabond Shoemakers Judy Platform Sneaker,https://images.urbndata.com/is/image/UrbanOutfitters/58732983_012_b?$medium$&qlt=80&fit=constrain,119.99,170.00,https://www.urbanoutfitters.com/shop/vagabond-shoemakers-judy-platform-sneaker?category=womens-clothing-sale&color=012,Urban Outfitters
GEORGE GINA & LUCY Anniehow Good Tote Bag,https://images.urbndata.com/is/image/UrbanOutfitters/78183118_038_b?$medium$&qlt=80&fit=constrain,39.99,55.00,https://www.urbanoutfitters.com/shop/george-gina-and-lucy-anniehow-good-tote-bag?category=womens-clothing-sale&color=038,Urban Outfitters
Out From Under Firecracker Lace Corset,https://images.urbndata.com/is/image/UrbanOutfitters/79875910_070_b?$medium$&qlt=80&fit=constrain,29.99,59.00,https://www.urbanoutfitters.com/shop/out-from-under-firecracker-lace-corset?category=womens-clothing-sale&color=070,Urban Outfitters
Out From Under Modern Love Lace Corset,https://images.urbndata.com/is/image/UrbanOutfitters/57537995_053_b?$medium$&qlt=80&fit=constrain,79.99,109.00,https://www.urbanoutfitters.com/shop/out-from-under-modern-love-lace-corset3?category=womens-clothing-sale&color=053,Urban Outfitters
BDG RU Slouchy Skate Jean - Ombre Wash,https://images.urbndata.com/is/image/UrbanOutfitters/80100910_002_b?$medium$&qlt=80&fit=constrain,9.99,20.00,https://www.urbanoutfitters.com/shop/bdg-ru-slouchy-skate-jean-ombre-wash?category=womens-clothing-sale&color=002,Urban Outfitters
Mesh Hand Chain Bracelet,https://images.urbndata.com/is/image/UrbanOutfitters/81323636_007_b?$medium$&qlt=80&fit=constrain,49.99,69.00,https://www.urbanoutfitters.com/shop/mesh-hand-chain-bracelet?category=womens-clothing-sale&color=007,Urban Outfitters
UO Darci Washed Denim Shoulder Bag,https://images.urbndata.com/is/image/UrbanOutfitters/79579355_011_b?$medium$&qlt=80&fit=constrain,9.99,9.99,https://www.urbanoutfitters.com/shop/uo-darci-washed-denim-shoulder-bag?category=womens-clothing-sale&color=011,Urban Outfitters
UO Fallon Open-Back Button-Down Top,https://images.urbndata.com/is/image/UrbanOutfitters/81504037_010_b?$medium$&qlt=80&fit=constrain,49.99,69.00,https://www.urbanoutfitters.com/shop/uo-fallon-open-back-button-down-top?category=womens-clothing-sale&color=010,Urban Outfitters
Dakota Denim Crossbody Bag,https://images.urbndata.com/is/image/UrbanOutfitters/79579397_230_b?$medium$&qlt=80&fit=constrain,39.99,49.00,https://www.urbanoutfitters.com/shop/dakota-denim-crossbody-bag?category=womens-clothing-sale&color=230,Urban Outfitters
GEORGE GINA & LUCY Sweet Petite Crossbody Bag,https://images.urbndata.com/is/image/UrbanOutfitters/78183134_062_b?$medium$&qlt=80&fit=constrain,79.99,109.00,https://www.urbanoutfitters.com/shop/george-gina-and-lucy-sweet-petite-crossbody-bag?category=womens-clothing-sale&color=062,Urban Outfitters
Pointelle Crew Sock 2-Pack,https://images.urbndata.com/is/image/UrbanOutfitters/81602773_018_b?$medium$&qlt=80&fit=constrain,9.99,20.00,https://www.urbanoutfitters.com/shop/pointelle-crew-sock-2-pack?category=womens-clothing-sale&color=018,Urban Outfitters
Levi’s® 501 Mid-Thigh Classic Denim Short,https://images.urbndata.com/is/image/UrbanOutfitters/79334090_092_b?$medium$&qlt=80&fit=constrain,39.99,69.00,https://www.urbanoutfitters.com/shop/levis-501-mid-thigh-classic-denim-short?category=womens-clothing-sale&color=092,Urban Outfitters
UO Jordyn Textured Flyaway Top,https://images.urbndata.com/is/image/UrbanOutfitters/80314974_010_b?$medium$&qlt=80&fit=constrain,64.99,89.00,https://www.urbanoutfitters.com/shop/uo-jordyn-textured-flyaway-top?category=womens-clothing-sale&color=010,Urban Outfitters
Out From Under Allie Ruched Shrug,https://images.urbndata.com/is/image/UrbanOutfitters/80404908_054_b?$medium$&qlt=80&fit=constrain,19.99,35.00,https://www.urbanoutfitters.com/shop/out-from-under-allie-ruched-shrug?category=womens-clothing-sale&color=054,Urban Outfitters
Glass Flower Wrap Bracelet and Necklace,https://images.urbndata.com/is/image/UrbanOutfitters/81982258_040_b?$medium$&qlt=80&fit=constrain,4.99,10.00,https://www.urbanoutfitters.com/shop/glass-flower-wrap-bracelet-and-necklace?category=womens-clothing-sale&color=040,Urban Outfitters
UO Raya Mesh Ruffle Midi Dress,https://images.urbndata.com/is/image/UrbanOutfitters/80766280_009_b?$medium$&qlt=80&fit=constrain,39.99,79.00,https://www.urbanoutfitters.com/shop/uo-raya-mesh-ruffle-midi-dress?category=womens-clothing-sale&color=009,Urban Outfitters
UO Martina Low-Rise Trouser Pant,https://images.urbndata.com/is/image/UrbanOutfitters/79391918_016_b?$medium$&qlt=80&fit=constrain,39.99,59.00,https://www.urbanoutfitters.com/shop/uo-martina-low-rise-trouser-pant?category=womens-clothing-sale&color=016,Urban Outfitters
UO Chantel Faux Leather Trench Coat,https://images.urbndata.com/is/image/UrbanOutfitters/78758034_001_b?$medium$&qlt=80&fit=constrain,99.99,199.00,https://www.urbanoutfitters.com/shop/uo-chantel-faux-leather-trench-coat?category=womens-clothing-sale&color=001,Urban Outfitters
GEORGE GINA & LUCY Bigster Tote Bag,https://images.urbndata.com/is/image/UrbanOutfitters/78182995_001_b?$medium$&qlt=80&fit=constrain,129.99,182.00,https://www.urbanoutfitters.com/shop/george-gina-and-lucy-bigster-tote-bag?category=womens-clothing-sale&color=001,Urban Outfitters
UO Maxi Flyaway Duster Cami,https://images.urbndata.com/is/image/UrbanOutfitters/81596215_041_b?$medium$&qlt=80&fit=constrain,49.99,69.00,https://www.urbanoutfitters.com/shop/uo-maxi-flyaway-duster-cami?category=womens-clothing-sale&color=041,Urban Outfitters
Jazzy Rhinestone Cowboy Hat,https://images.urbndata.com/is/image/UrbanOutfitters/80739923_001_b?$medium$&qlt=80&fit=constrain,39.99,79.00,https://www.urbanoutfitters.com/shop/jazzy-rhinestone-cowboy-hat?category=womens-clothing-sale&color=001,Urban Outfitters
Jill Hammered Metal Swirl Earring,https://images.urbndata.com/is/image/UrbanOutfitters/81258857_007_b?$medium$&qlt=80&fit=constrain,14.99,20.00,https://www.urbanoutfitters.com/shop/jill-hammered-metal-swirl-earring?category=womens-clothing-sale&color=007,Urban Outfitters
UO Asymmetrical One-Shoulder Top,https://images.urbndata.com/is/image/UrbanOutfitters/81057796_066_b?$medium$&qlt=80&fit=constrain,24.99,35.00,https://www.urbanoutfitters.com/shop/uo-asymmetrical-one-shoulder-top2?category=womens-clothing-sale&color=066,Urban Outfitters
Out From Under Sweet Dreams Hooded Cropped Top,https://images.urbndata.com/is/image/UrbanOutfitters/69338358_011_b?$medium$&qlt=80&fit=constrain,29.99,39.00,https://www.urbanoutfitters.com/shop/out-from-under-sweet-dreams-hooded-cropped-top?category=womens-clothing-sale&color=011,Urban Outfitters
GEORGE GINA & LUCY Boxery Crossbody Bag,https://images.urbndata.com/is/image/UrbanOutfitters/78182946_030_b?$medium$&qlt=80&fit=constrain,84.99,121.00,https://www.urbanoutfitters.com/shop/george-gina-and-lucy-boxery-crossbody-bag?category=womens-clothing-sale&color=030,Urban Outfitters
Marge Sherwood Log Leather Bag,https://images.urbndata.com/is/image/UrbanOutfitters/79841367_084_b?$medium$&qlt=80&fit=constrain,224.99,317.00,https://www.urbanoutfitters.com/shop/marge-sherwood-log-leather-bag?category=womens-clothing-sale&color=084,Urban Outfitters
Out From Under Sonny Seamed Top & Short Set,https://images.urbndata.com/is/image/UrbanOutfitters/80466485_040_b?$medium$&qlt=80&fit=constrain,39.99,59.00,https://www.urbanoutfitters.com/shop/out-from-under-sonny-seamed-top-and-short-set?category=womens-clothing-sale&color=040,Urban Outfitters
Urban Renewal Vintage Slouchy Plaid Trouser Pant,https://images.urbndata.com/is/image/UrbanOutfitters/82076241_014_b?$medium$&qlt=80&fit=constrain,24.99,49.00,https://www.urbanoutfitters.com/shop/urban-renewal-vintage-slouchy-plaid-trouser-pant?category=womens-clothing-sale&color=014,Urban Outfitters
UO Tierra Plisse Midi Dress,https://images.urbndata.com/is/image/UrbanOutfitters/80239114_030_b?$medium$&qlt=80&fit=constrain,59.99,119.00,https://www.urbanoutfitters.com/shop/uo-tierra-plisse-midi-dress?category=womens-clothing-sale&color=030,Urban Outfitters
The North Face Denali Cropped Fleece Jacket,https://images.urbndata.com/is/image/UrbanOutfitters/68277144_010_b?$medium$&qlt=80&fit=constrain,89.99,129.00,https://www.urbanoutfitters.com/shop/the-north-face-denali-cropped-fleece-jacket?category=womens-clothing-sale&color=010,Urban Outfitters
Out From Under Hero Cutout Singlet Romper,https://images.urbndata.com/is/image/UrbanOutfitters/80466113_230_b?$medium$&qlt=80&fit=constrain,14.95,55.00,https://www.urbanoutfitters.com/shop/out-from-under-hero-cutout-singlet-romper?category=womens-clothing-sale&color=230,Urban Outfitters
Out From Under Sonny Strapless Jumpsuit,https://images.urbndata.com/is/image/UrbanOutfitters/80466394_001_b?$medium$&qlt=80&fit=constrain,54.99,79.00,https://www.urbanoutfitters.com/shop/out-from-under-sonny-strapless-jumpsuit?category=womens-clothing-sale&color=001,Urban Outfitters
Open Fishnet Weave Ruffle Ankle Sock,https://images.urbndata.com/is/image/UrbanOutfitters/81602781_001_b?$medium$&qlt=80&fit=constrain,9.99,15.00,https://www.urbanoutfitters.com/shop/open-fishnet-weave-ruffle-ankle-sock?category=womens-clothing-sale&color=001,Urban Outfitters
Out From Under Evan Henley Tee,https://images.urbndata.com/is/image/UrbanOutfitters/80422132_011_b?$medium$&qlt=80&fit=constrain,24.99,45.00,https://www.urbanoutfitters.com/shop/out-from-under-evan-henley-tee?category=womens-clothing-sale&color=011,Urban Outfitters
UO Y2K Convertible Puffer Jacket,https://images.urbndata.com/is/image/UrbanOutfitters/79598629_036_b?$medium$&qlt=80&fit=constrain,29.95,139.00,https://www.urbanoutfitters.com/shop/uo-y2k-convertible-puffer-jacket?category=womens-clothing-sale&color=036,Urban Outfitters
UO Life Advice Oversized Long Sleeve Tee,https://images.urbndata.com/is/image/UrbanOutfitters/80937667_010_b?$medium$&qlt=80&fit=constrain,24.99,45.00,https://www.urbanoutfitters.com/shop/uo-life-advice-oversized-long-sleeve-tee?category=womens-clothing-sale&color=010,Urban Outfitters
Tiger Thermal Notch Neck Tee,https://images.urbndata.com/is/image/UrbanOutfitters/80658438_020_b?$medium$&qlt=80&fit=constrain,24.99,45.00,https://www.urbanoutfitters.com/shop/tiger-thermal-notch-neck-tee?category=womens-clothing-sale&color=020,Urban Outfitters
UO Casey Corduroy Zip-Up Hooded Jacket,https://images.urbndata.com/is/image/UrbanOutfitters/79993374_012_b?$medium$&qlt=80&fit=constrain,59.99,119.00,https://www.urbanoutfitters.com/shop/uo-casey-corduroy-zip-up-hooded-jacket?category=womens-clothing-sale&color=012,Urban Outfitters
Harper Metal Snap Clip Set,https://images.urbndata.com/is/image/UrbanOutfitters/81426090_070_b?$medium$&qlt=80&fit=constrain,9.99,12.00,https://www.urbanoutfitters.com/shop/harper-metal-snap-clip-set?category=womens-clothing-sale&color=070,Urban Outfitters
Out From Under Arabella Seamless Baby Tee,https://images.urbndata.com/is/image/UrbanOutfitters/81147605_060_b?$medium$&qlt=80&fit=constrain,29.99,39.00,https://www.urbanoutfitters.com/shop/out-from-under-arabella-seamless-baby-tee?category=womens-clothing-sale&color=060,Urban Outfitters
Lace-Trimmed Exploded Fishnet Knee High Socks,https://images.urbndata.com/is/image/UrbanOutfitters/81530487_001_b?$medium$&qlt=80&fit=constrain,9.99,17.00,https://www.urbanoutfitters.com/shop/lace-trimmed-exploded-fishnet-knee-high-socks?category=womens-clothing-sale&color=001,Urban Outfitters
Out From Under Cassidy Seamless Long Sleeve Top,https://images.urbndata.com/is/image/UrbanOutfitters/80499866_055_b?$medium$&qlt=80&fit=constrain,24.99,45.00,https://www.urbanoutfitters.com/shop/out-from-under-cassidy-seamless-long-sleeve-top?category=womens-clothing-sale&color=055,Urban Outfitters
Out From Under Gabi Culotte Sweatpant,https://images.urbndata.com/is/image/UrbanOutfitters/81159980_004_b?$medium$&qlt=80&fit=constrain,39.99,55.00,https://www.urbanoutfitters.com/shop/out-from-under-gabi-culotte-sweatpant?category=womens-clothing-sale&color=004,Urban Outfitters
UO Mesh Twist Front Fly Away Cami,https://images.urbndata.com/is/image/UrbanOutfitters/81045254_059_b?$medium$&qlt=80&fit=constrain,19.99,35.00,https://www.urbanoutfitters.com/shop/uo-mesh-twist-front-fly-away-cami2?category=womens-clothing-sale&color=059,Urban Outfitters
Tailored Union Eben Textured Sock,https://images.urbndata.com/is/image/UrbanOutfitters/63769350_031_b?$medium$&qlt=80&fit=constrain,9.99,16.00,https://www.urbanoutfitters.com/shop/tailored-union-eben-textured-sock?category=womens-clothing-sale&color=031,Urban Outfitters
UO Melanie Corduroy Sherpa Jacket,https://images.urbndata.com/is/image/UrbanOutfitters/79594503_011_b?$medium$&qlt=80&fit=constrain,39.99,89.00,https://www.urbanoutfitters.com/shop/uo-melanie-corduroy-sherpa-jacket?category=womens-clothing-sale&color=011,Urban Outfitters
Billabong True Romance Floral Midi Dress,https://images.urbndata.com/is/image/UrbanOutfitters/79202834_009_b?$medium$&qlt=80&fit=constrain,39.99,79.00,https://www.urbanoutfitters.com/shop/billabong-true-romance-floral-midi-dress?category=womens-clothing-sale&color=009,Urban Outfitters
Sedona Claw Clip,https://images.urbndata.com/is/image/UrbanOutfitters/81351165_046_b?$medium$&qlt=80&fit=constrain,9.99,12.00,https://www.urbanoutfitters.com/shop/sedona-claw-clip?category=womens-clothing-sale&color=046,Urban Outfitters
GEORGE GINA & LUCY Best Rookie Backpack,https://images.urbndata.com/is/image/UrbanOutfitters/78183167_020_b?$medium$&qlt=80&fit=constrain,104.99,145.00,https://www.urbanoutfitters.com/shop/george-gina-and-lucy-best-rookie-backpack?category=womens-clothing-sale&color=020,Urban Outfitters
Market UO Exclusive Polar Bear Trio Tee,https://images.urbndata.com/is/image/UrbanOutfitters/70811526_012_b?$medium$&qlt=80&fit=constrain,29.99,40.00,https://www.urbanoutfitters.com/shop/market-uo-exclusive-polar-bear-trio-tee?category=womens-clothing-sale&color=012,Urban Outfitters
Out From Under Cleo Cozy Thermal Oversized Top,https://images.urbndata.com/is/image/UrbanOutfitters/80064629_005_b?$medium$&qlt=80&fit=constrain,24.99,49.00,https://www.urbanoutfitters.com/shop/out-from-under-cleo-cozy-thermal-oversized-top?category=womens-clothing-sale&color=005,Urban Outfitters
UO Nigel Ruffle Mini Slip Dress,https://images.urbndata.com/is/image/UrbanOutfitters/80961162_095_b?$medium$&qlt=80&fit=constrain,34.99,69.00,https://www.urbanoutfitters.com/shop/uo-nigel-ruffle-mini-slip-dress?category=womens-clothing-sale&color=095,Urban Outfitters
The North Face Rusta Plush Fleece Zip-Up Jacket,https://images.urbndata.com/is/image/UrbanOutfitters/68277193_009_b?$medium$&qlt=80&fit=constrain,119.99,240.00,https://www.urbanoutfitters.com/shop/the-north-face-rusta-plush-fleece-zip-up-jacket?category=womens-clothing-sale&color=009,Urban Outfitters
Distressed Crew Sock,https://images.urbndata.com/is/image/UrbanOutfitters/81530503_004_b?$medium$&qlt=80&fit=constrain,9.99,15.00,https://www.urbanoutfitters.com/shop/distressed-crew-sock?category=womens-clothing-sale&color=004,Urban Outfitters
Out From Under After Dark Seamless Shrug Top,https://images.urbndata.com/is/image/UrbanOutfitters/80174451_001_b?$medium$&qlt=80&fit=constrain,19.99,35.00,https://www.urbanoutfitters.com/shop/out-from-under-after-dark-seamless-shrug-top?category=womens-clothing-sale&color=001,Urban Outfitters
BDG Ace Zip-Up Hoodie Sweatshirt,https://images.urbndata.com/is/image/UrbanOutfitters/80288483_040_b?$medium$&qlt=80&fit=constrain,59.99,79.00,https://www.urbanoutfitters.com/shop/bdg-ace-zip-up-hoodie-sweatshirt?category=womens-clothing-sale&color=040,Urban Outfitters
Dickies Camden Snakeskin Trouser Pant,https://images.urbndata.com/is/image/UrbanOutfitters/68834993_095_b?$medium$&qlt=80&fit=constrain,44.99,65.00,https://www.urbanoutfitters.com/shop/dickies-camden-snakeskin-trouser-pant?category=womens-clothing-sale&color=095,Urban Outfitters
BDG Zipped Denim Overall,https://images.urbndata.com/is/image/UrbanOutfitters/80101199_093_b?$medium$&qlt=80&fit=constrain,104.99,149.00,https://www.urbanoutfitters.com/shop/bdg-zipped-denim-overall?category=womens-clothing-sale&color=093,Urban Outfitters
Statement Flower Post Earring,https://images.urbndata.com/is/image/UrbanOutfitters/81297517_000_b?$medium$&qlt=80&fit=constrain,9.99,20.00,https://www.urbanoutfitters.com/shop/statement-flower-post-earring?category=womens-clothing-sale&color=000,Urban Outfitters
Beth Enamel Bright Wavy Hoop Earring,https://images.urbndata.com/is/image/UrbanOutfitters/81255507_066_b?$medium$&qlt=80&fit=constrain,9.99,17.00,https://www.urbanoutfitters.com/shop/beth-enamel-bright-wavy-hoop-earring?category=womens-clothing-sale&color=066,Urban Outfitters
UO Liv Corset Button-Down Top,https://images.urbndata.com/is/image/UrbanOutfitters/69672475_001_b?$medium$&qlt=80&fit=constrain,44.99,59.00,https://www.urbanoutfitters.com/shop/uo-liv-corset-button-down-top?category=womens-clothing-sale&color=001,Urban Outfitters
Out From Under Evie Cozy Seamed Long Sleeve Top,https://images.urbndata.com/is/image/UrbanOutfitters/80213697_054_b?$medium$&qlt=80&fit=constrain,19.99,39.00,https://www.urbanoutfitters.com/shop/out-from-under-evie-cozy-seamed-long-sleeve-top?category=womens-clothing-sale&color=054,Urban Outfitters
Urban Renewal Remnants Chino Pull-On Skate Pant,https://images.urbndata.com/is/image/UrbanOutfitters/81728198_036_b?$medium$&qlt=80&fit=constrain,34.99,69.00,https://www.urbanoutfitters.com/shop/urban-renewal-remnants-chino-pull-on-skate-pant?category=womens-clothing-sale&color=036,Urban Outfitters
HVISK Arcadia Shoulder Bag,https://images.urbndata.com/is/image/UrbanOutfitters/78721578_030_b?$medium$&qlt=80&fit=constrain,64.99,89.00,https://www.urbanoutfitters.com/shop/hvisk-arcadia-shoulder-bag?category=womens-clothing-sale&color=030,Urban Outfitters
Out From Under Koa Open-Front Hoodie Sweatshirt,https://images.urbndata.com/is/image/UrbanOutfitters/80102486_024_b?$medium$&qlt=80&fit=constrain,34.99,65.00,https://www.urbanoutfitters.com/shop/out-from-under-koa-open-front-hoodie-sweatshirt?category=womens-clothing-sale&color=024,Urban Outfitters
Rhinestone Statement Ring,https://images.urbndata.com/is/image/UrbanOutfitters/81939241_080_b?$medium$&qlt=80&fit=constrain,4.99,10.00,https://www.urbanoutfitters.com/shop/rhinestone-statement-ring2?category=womens-clothing-sale&color=080,Urban Outfitters
BDG Kurt Distressed Crew Neck Sweater,https://images.urbndata.com/is/image/UrbanOutfitters/69576809_041_b?$medium$&qlt=80&fit=constrain,49.99,69.00 – 74.00,https://www.urbanoutfitters.com/shop/bdg-kurt-distressed-crew-neck-sweater?category=womens-clothing-sale&color=041,Urban Outfitters
BDG Saga Spliced Hoodie Sweatshirt,https://images.urbndata.com/is/image/UrbanOutfitters/80438039_060_b?$medium$&qlt=80&fit=constrain,59.99,79.00,https://www.urbanoutfitters.com/shop/bdg-saga-spliced-hoodie-sweatshirt2?category=womens-clothing-sale&color=060,Urban Outfitters
Gwen Crystal Choker Necklace,https://images.urbndata.com/is/image/UrbanOutfitters/81239816_070_b?$medium$&qlt=80&fit=constrain,14.99,25.00,https://www.urbanoutfitters.com/shop/gwen-crystal-choker-necklace?category=womens-clothing-sale&color=070,Urban Outfitters
UO Cassie Satin & Lace Ruffle Midi Skirt,https://images.urbndata.com/is/image/UrbanOutfitters/80269319_041_b?$medium$&qlt=80&fit=constrain,39.99,89.00,https://www.urbanoutfitters.com/shop/uo-cassie-satin-and-lace-ruffle-midi-skirt?category=womens-clothing-sale&color=041,Urban Outfitters
Milly Modern Chain Necklace,https://images.urbndata.com/is/image/UrbanOutfitters/81665887_007_b?$medium$&qlt=80&fit=constrain,14.99,25.00,https://www.urbanoutfitters.com/shop/milly-modern-chain-necklace?category=womens-clothing-sale&color=007,Urban Outfitters
Urban Renewal Remade Sweatshirt Shrug,https://images.urbndata.com/is/image/UrbanOutfitters/81724718_004_b?$medium$&qlt=80&fit=constrain,29.99,59.00,https://www.urbanoutfitters.com/shop/urban-renewal-remade-sweatshirt-shrug?category=womens-clothing-sale&color=004,Urban Outfitters
Xena Rectangle Claw Clip,https://images.urbndata.com/is/image/UrbanOutfitters/81117525_066_b?$medium$&qlt=80&fit=constrain,4.99,12.00,https://www.urbanoutfitters.com/shop/xena-rectangle-claw-clip?category=womens-clothing-sale&color=066,Urban Outfitters
UO Harmony Maze Oversized Long Sleeve Tee,https://images.urbndata.com/is/image/UrbanOutfitters/80937857_004_b?$medium$&qlt=80&fit=constrain,24.99,45.00,https://www.urbanoutfitters.com/shop/uo-harmony-maze-oversized-long-sleeve-tee?category=womens-clothing-sale&color=004,Urban Outfitters
Lucky Icon Charm Necklace,https://images.urbndata.com/is/image/UrbanOutfitters/79358685_008_b?$medium$&qlt=80&fit=constrain,9.99,17.00,https://www.urbanoutfitters.com/shop/lucky-icon-charm-necklace?category=womens-clothing-sale&color=008,Urban Outfitters
Flower Cuff Necklace,https://images.urbndata.com/is/image/UrbanOutfitters/81109845_007_b?$medium$&qlt=80&fit=constrain,14.99,25.00,https://www.urbanoutfitters.com/shop/flower-cuff-necklace?category=womens-clothing-sale&color=007,Urban Outfitters
Statement Beaded Necklace,https://images.urbndata.com/is/image/UrbanOutfitters/81109860_061_b?$medium$&qlt=80&fit=constrain,14.99,25.00,https://www.urbanoutfitters.com/shop/statement-beaded-necklace?category=womens-clothing-sale&color=061,Urban Outfitters
Cory XL Hoop Earring,https://images.urbndata.com/is/image/UrbanOutfitters/81296527_030_b?$medium$&qlt=80&fit=constrain,9.99,17.00,https://www.urbanoutfitters.com/shop/cory-xl-hoop-earring?category=womens-clothing-sale&color=030,Urban Outfitters
UO Orchid Floral Embroidered Capri Pant,https://images.urbndata.com/is/image/UrbanOutfitters/81755712_060_b?$medium$&qlt=80&fit=constrain,69.99,99.00,https://www.urbanoutfitters.com/shop/uo-orchid-floral-embroidered-capri-pant?category=womens-clothing-sale&color=060,Urban Outfitters
Out From Under After Dark Seamless Bralette,https://images.urbndata.com/is/image/UrbanOutfitters/79977906_001_b?$medium$&qlt=80&fit=constrain,14.99,25.00,https://www.urbanoutfitters.com/shop/out-from-under-after-dark-seamless-bralette?category=womens-clothing-sale&color=001,Urban Outfitters
UO Amsterdam Culotte Pant,https://images.urbndata.com/is/image/UrbanOutfitters/81755548_023_b?$medium$&qlt=80&fit=constrain,44.99,59.00,https://www.urbanoutfitters.com/shop/uo-amsterdam-culotte-pant?category=womens-clothing-sale&color=023,Urban Outfitters
BDG Rhinestone Mini Tote Bag,https://images.urbndata.com/is/image/UrbanOutfitters/79477378_007_b?$medium$&qlt=80&fit=constrain,44.99,59.00,https://www.urbanoutfitters.com/shop/bdg-rhinestone-mini-tote-bag?category=womens-clothing-sale&color=007,Urban Outfitters
Natalia Metal Cat-Eye Sunglasses,https://images.urbndata.com/is/image/UrbanOutfitters/80138316_002_b?$medium$&qlt=80&fit=constrain,9.99,19.00,https://www.urbanoutfitters.com/shop/natalia-metal-cat-eye-sunglasses?category=womens-clothing-sale&color=002,Urban Outfitters
Rhinestone Statement Ring,https://images.urbndata.com/is/image/UrbanOutfitters/81939100_040_b?$medium$&qlt=80&fit=constrain,4.99,10.00,https://www.urbanoutfitters.com/shop/rhinestone-statement-ring?category=womens-clothing-sale&color=040,Urban Outfitters
Remi Glittery Heart Choker Necklace,https://images.urbndata.com/is/image/UrbanOutfitters/81297871_066_b?$medium$&qlt=80&fit=constrain,14.99,25.00,https://www.urbanoutfitters.com/shop/remi-glittery-heart-choker-necklace?category=womens-clothing-sale&color=066,Urban Outfitters
Out From Under Rowan Seamless Asymmetrical Bra Top,https://images.urbndata.com/is/image/UrbanOutfitters/79977872_001_b?$medium$&qlt=80&fit=constrain,19.99,35.00,https://www.urbanoutfitters.com/shop/out-from-under-rowan-seamless-asymmetrical-bra-top?category=womens-clothing-sale&color=001,Urban Outfitters
Betty Floral Corded Necklace,https://images.urbndata.com/is/image/UrbanOutfitters/81297848_000_b?$medium$&qlt=80&fit=constrain,14.99,20.00,https://www.urbanoutfitters.com/shop/betty-floral-corded-necklace?category=womens-clothing-sale&color=000,Urban Outfitters
LeSportsac Small Convertible Hobo Bag,https://images.urbndata.com/is/image/UrbanOutfitters/69571248_001_b?$medium$&qlt=80&fit=constrain,89.99,120.00,https://www.urbanoutfitters.com/shop/lesportsac-small-convertible-hobo-bag?category=womens-clothing-sale&color=001,Urban Outfitters
Megan Enamel Hoop Earring,https://images.urbndata.com/is/image/UrbanOutfitters/81161176_034_b?$medium$&qlt=80&fit=constrain,9.99,20.00,https://www.urbanoutfitters.com/shop/megan-enamel-hoop-earring?category=womens-clothing-sale&color=034,Urban Outfitters
Statement Iridescent Ring,https://images.urbndata.com/is/image/UrbanOutfitters/81982712_038_b?$medium$&qlt=80&fit=constrain,4.99,10.00,https://www.urbanoutfitters.com/shop/statement-iridescent-ring?category=womens-clothing-sale&color=038,Urban Outfitters
Lefrik Roots Tote Bag,https://images.urbndata.com/is/image/UrbanOutfitters/78184942_020_b?$medium$&qlt=80&fit=constrain,59.99,80.00,https://www.urbanoutfitters.com/shop/lefrik-roots-tote-bag2?category=womens-clothing-sale&color=020,Urban Outfitters
UO Sweet Escape Asymmetrical Chiffon Mini Dress,https://images.urbndata.com/is/image/UrbanOutfitters/69952380_040_b?$medium$&qlt=80&fit=constrain,39.99,69.00,https://www.urbanoutfitters.com/shop/uo-sweet-escape-asymmetrical-chiffon-mini-dress?category=womens-clothing-sale&color=040,Urban Outfitters
Out From Under Riptide Seamless Bralette,https://images.urbndata.com/is/image/UrbanOutfitters/61472080_055_b?$medium$&qlt=80&fit=constrain,9.99,20.00,https://www.urbanoutfitters.com/shop/out-from-under-riptide-seamless-bralette3?category=womens-clothing-sale&color=055,Urban Outfitters
Heart Charm Snap Clip Set,https://images.urbndata.com/is/image/UrbanOutfitters/81117582_070_b?$medium$&qlt=80&fit=constrain,4.99,10.00,https://www.urbanoutfitters.com/shop/heart-charm-snap-clip-set?category=womens-clothing-sale&color=070,Urban Outfitters
Statement Heart Ring,https://images.urbndata.com/is/image/UrbanOutfitters/81594038_040_b?$medium$&qlt=80&fit=constrain,9.99,15.00,https://www.urbanoutfitters.com/shop/statement-heart-ring?category=womens-clothing-sale&color=040,Urban Outfitters
Money Print Tight,https://images.urbndata.com/is/image/UrbanOutfitters/81659955_001_b?$medium$&qlt=80&fit=constrain,9.99,19.00,https://www.urbanoutfitters.com/shop/money-print-tight?category=womens-clothing-sale&color=001,Urban Outfitters
HVISK Jolly Embellished Pouch Bag,https://images.urbndata.com/is/image/UrbanOutfitters/78721453_001_b?$medium$&qlt=80&fit=constrain,69.99,99.00,https://www.urbanoutfitters.com/shop/hvisk-jolly-embellished-pouch-bag?category=womens-clothing-sale&color=001,Urban Outfitters
HVISK League Small Metallic Bag,https://images.urbndata.com/is/image/UrbanOutfitters/78721420_007_b?$medium$&qlt=80&fit=constrain,69.99,99.00,https://www.urbanoutfitters.com/shop/hvisk-league-small-metallic-bag?category=womens-clothing-sale&color=007,Urban Outfitters
UO Sweet Dreams Oversized Tee,https://images.urbndata.com/is/image/UrbanOutfitters/80049083_040_b?$medium$&qlt=80&fit=constrain,19.99,39.00,https://www.urbanoutfitters.com/shop/uo-sweet-dreams-oversized-tee?category=womens-clothing-sale&color=040,Urban Outfitters
Coney Island Picnic Positivity Reigns Canvas Tote Bag,https://images.urbndata.com/is/image/UrbanOutfitters/79211470_015_b?$medium$&qlt=80&fit=constrain,19.99,24.00,https://www.urbanoutfitters.com/shop/coney-island-picnic-positivity-reigns-canvas-tote-bag?category=womens-clothing-sale&color=015,Urban Outfitters
Cloud Claw Clip,https://images.urbndata.com/is/image/UrbanOutfitters/81117640_000_b?$medium$&qlt=80&fit=constrain,9.99,15.00,https://www.urbanoutfitters.com/shop/cloud-claw-clip?category=womens-clothing-sale&color=000,Urban Outfitters
UO Tallulah Puff Sleeve Mini Dress,https://images.urbndata.com/is/image/UrbanOutfitters/81000507_029_b?$medium$&qlt=80&fit=constrain,29.99,59.00,https://www.urbanoutfitters.com/shop/uo-tallulah-puff-sleeve-mini-dress?category=womens-clothing-sale&color=029,Urban Outfitters
Buffy Oversized Bug Sunglasses,https://images.urbndata.com/is/image/UrbanOutfitters/80174147_041_b?$medium$&qlt=80&fit=constrain,9.99,17.00,https://www.urbanoutfitters.com/shop/buffy-oversized-bug-sunglasses?category=womens-clothing-sale&color=041,Urban Outfitters
Daisy Street Alexis Gingham Mini Dress,https://images.urbndata.com/is/image/UrbanOutfitters/79255188_009_b?$medium$&qlt=80&fit=constrain,29.99,49.00,https://www.urbanoutfitters.com/shop/daisy-street-alexis-gingham-mini-dress?category=womens-clothing-sale&color=009,Urban Outfitters
LeSportsac Mini North/South Tote Bag,https://images.urbndata.com/is/image/UrbanOutfitters/69571222_011_b?$medium$&qlt=80&fit=constrain,49.99,70.00,https://www.urbanoutfitters.com/shop/lesportsac-mini-north-south-tote-bag?category=womens-clothing-sale&color=011,Urban Outfitters
Out From Under Cassidy Seamless Cutout Mini Dress,https://images.urbndata.com/is/image/UrbanOutfitters/80407612_065_b?$medium$&qlt=80&fit=constrain,14.95,59.00,https://www.urbanoutfitters.com/shop/out-from-under-cassidy-seamless-cutout-mini-dress?category=womens-clothing-sale&color=065,Urban Outfitters
LeSportsac Everyday Zip Tote Bag,https://images.urbndata.com/is/image/UrbanOutfitters/69571123_037_b?$medium$&qlt=80&fit=constrain,74.99,100.00,https://www.urbanoutfitters.com/shop/lesportsac-everyday-zip-tote-bag?category=womens-clothing-sale&color=037,Urban Outfitters
Dhalia Oversized Round Sunglasses,https://images.urbndata.com/is/image/UrbanOutfitters/69734598_223_b?$medium$&qlt=80&fit=constrain,9.99,19.00,https://www.urbanoutfitters.com/shop/dhalia-oversized-round-sunglasses?category=womens-clothing-sale&color=223,Urban Outfitters
Statement Translucent Spiked Ring,https://images.urbndata.com/is/image/UrbanOutfitters/81940728_046_b?$medium$&qlt=80&fit=constrain,4.99,10.00,https://www.urbanoutfitters.com/shop/statement-translucent-spiked-ring?category=womens-clothing-sale&color=046,Urban Outfitters
LeSportsac Mini Phone Crossbody Bag,https://images.urbndata.com/is/image/UrbanOutfitters/69571180_001_b?$medium$&qlt=80&fit=constrain,34.99,45.00,https://www.urbanoutfitters.com/shop/lesportsac-mini-phone-crossbody-bag?category=womens-clothing-sale&color=001,Urban Outfitters
Cassidy Wavy Hoop Earring,https://images.urbndata.com/is/image/UrbanOutfitters/81297475_007_b?$medium$&qlt=80&fit=constrain,14.99,25.00,https://www.urbanoutfitters.com/shop/cassidy-wavy-hoop-earring?category=womens-clothing-sale&color=007,Urban Outfitters
Robin Statement Chain Necklace,https://images.urbndata.com/is/image/UrbanOutfitters/81297830_070_b?$medium$&qlt=80&fit=constrain,19.99,30.00,https://www.urbanoutfitters.com/shop/robin-statement-chain-necklace?category=womens-clothing-sale&color=070,Urban Outfitters
Coney Island Picnic Dead Jazz Canvas Tote Bag,https://images.urbndata.com/is/image/UrbanOutfitters/79211462_001_b?$medium$&qlt=80&fit=constrain,19.99,24.00,https://www.urbanoutfitters.com/shop/coney-island-picnic-dead-jazz-canvas-tote-bag?category=womens-clothing-sale&color=001,Urban Outfitters
New Era NFL Pom Beanie,https://images.urbndata.com/is/image/UrbanOutfitters/68334457_060_b?$medium$&qlt=80&fit=constrain,19.99,32.00,https://www.urbanoutfitters.com/shop/new-era-nfl-pom-beanie?category=womens-clothing-sale&color=060,Urban Outfitters
LeSportsac Drawstring Bucket Bag,https://images.urbndata.com/is/image/UrbanOutfitters/69571164_086_b?$medium$&qlt=80&fit=constrain,84.99,115.00,https://www.urbanoutfitters.com/shop/lesportsac-drawstring-bucket-bag?category=womens-clothing-sale&color=086,Urban Outfitters
Out From Under Drew Shadow Seamless V-Neck Bra Top,https://images.urbndata.com/is/image/UrbanOutfitters/80025869_001_b?$medium$&qlt=80&fit=constrain,14.99,29.00,https://www.urbanoutfitters.com/shop/out-from-under-drew-shadow-seamless-v-neck-bra-top?category=womens-clothing-sale&color=001,Urban Outfitters
HVISK Cayman Crossbody Bag,https://images.urbndata.com/is/image/UrbanOutfitters/69319317_001_b?$medium$&qlt=80&fit=constrain,59.99,85.00,https://www.urbanoutfitters.com/shop/hvisk-cayman-crossbody-bag?category=womens-clothing-sale&color=001,Urban Outfitters
Billy Printed Canvas Bucket Hat,https://images.urbndata.com/is/image/UrbanOutfitters/80438138_237_b?$medium$&qlt=80&fit=constrain,14.99,25.00,https://www.urbanoutfitters.com/shop/billy-printed-canvas-bucket-hat?category=womens-clothing-sale&color=237,Urban Outfitters
UO Devona Corset Top & Midi Skirt Set,https://images.urbndata.com/is/image/UrbanOutfitters/79620381_095_b?$medium$&qlt=80&fit=constrain,64.99,129.00,https://www.urbanoutfitters.com/shop/uo-devona-corset-top-and-midi-skirt-set?category=womens-clothing-sale&color=095,Urban Outfitters
UO Pinned Up Plaid Romper,https://images.urbndata.com/is/image/UrbanOutfitters/80571060_066_b?$medium$&qlt=80&fit=constrain,39.99,79.00,https://www.urbanoutfitters.com/shop/uo-pinned-up-plaid-romper?category=womens-clothing-sale&color=066,Urban Outfitters
APPARIS Tilly 2 Faux Leather Overcoat,https://images.urbndata.com/is/image/UrbanOutfitters/69199958_001_b?$medium$&qlt=80&fit=constrain,249.99,525.00,https://www.urbanoutfitters.com/shop/apparis-tilly-2-faux-leather-overcoat?category=womens-clothing-sale&color=001,Urban Outfitters
UO Sammie Poplin Smocked Top,https://images.urbndata.com/is/image/UrbanOutfitters/80130362_010_b?$medium$&qlt=80&fit=constrain,29.99,59.00,https://www.urbanoutfitters.com/shop/uo-sammie-poplin-smocked-top?category=womens-clothing-sale&color=010,Urban Outfitters
Enamel Oval Hoop Earring,https://images.urbndata.com/is/image/UrbanOutfitters/81161051_060_b?$medium$&qlt=80&fit=constrain,14.99,20.00,https://www.urbanoutfitters.com/shop/enamel-oval-hoop-earring?category=womens-clothing-sale&color=060,Urban Outfitters
Annie Genuine Stone Cord Necklace,https://images.urbndata.com/is/image/UrbanOutfitters/81159832_030_b?$medium$&qlt=80&fit=constrain,9.99,19.00,https://www.urbanoutfitters.com/shop/annie-genuine-stone-cord-necklace?category=womens-clothing-sale&color=030,Urban Outfitters
Out From Under Modern Love Ribcage Corset,https://images.urbndata.com/is/image/UrbanOutfitters/78385135_048_b?$medium$&qlt=80&fit=constrain,34.99,49.00,https://www.urbanoutfitters.com/shop/out-from-under-modern-love-ribcage-corset?category=womens-clothing-sale&color=048,Urban Outfitters
Out From Under Drew Dye-Tech Seamless Top,https://images.urbndata.com/is/image/UrbanOutfitters/80029101_055_b?$medium$&qlt=80&fit=constrain,14.99,18.00 – 25.00,https://www.urbanoutfitters.com/shop/out-from-under-drew-dye-tech-seamless-top?category=womens-clothing-sale&color=055,Urban Outfitters
UO Ryder Live Laugh Love Hoodie Sweatshirt,https://images.urbndata.com/is/image/UrbanOutfitters/80471188_001_b?$medium$&qlt=80&fit=constrain,39.99,75.00,https://www.urbanoutfitters.com/shop/uo-ryder-live-laugh-love-hoodie-sweatshirt?category=womens-clothing-sale&color=001,Urban Outfitters
G Sport Mesh Wide-Leg Pant,https://images.urbndata.com/is/image/UrbanOutfitters/80233802_001_b?$medium$&qlt=80&fit=constrain,79.99,160.00,https://www.urbanoutfitters.com/shop/g-sport-mesh-wide-leg-pant?category=womens-clothing-sale&color=001,Urban Outfitters
Tristan O-Ring Necklace,https://images.urbndata.com/is/image/UrbanOutfitters/81297863_007_b?$medium$&qlt=80&fit=constrain,14.99,25.00,https://www.urbanoutfitters.com/shop/tristan-o-ring-necklace?category=womens-clothing-sale&color=007,Urban Outfitters
Out From Under Sunday Top & Short Set,https://images.urbndata.com/is/image/UrbanOutfitters/80220684_230_b?$medium$&qlt=80&fit=constrain,19.95,69.00,https://www.urbanoutfitters.com/shop/out-from-under-sunday-top-and-short-set?category=womens-clothing-sale&color=230,Urban Outfitters
Delaney Cuff Necklace,https://images.urbndata.com/is/image/UrbanOutfitters/81259608_070_b?$medium$&qlt=80&fit=constrain,14.99,20.00,https://www.urbanoutfitters.com/shop/delaney-cuff-necklace?category=womens-clothing-sale&color=070,Urban Outfitters
KOI Platform Mary Jane Heel,https://images.urbndata.com/is/image/UrbanOutfitters/78973419_046_b?$medium$&qlt=80&fit=constrain,34.99,65.00,https://www.urbanoutfitters.com/shop/koi-footwear-platform-mary-jane-heel?category=womens-clothing-sale&color=046,Urban Outfitters
KOI Chillwind Cavern Boot,https://images.urbndata.com/is/image/UrbanOutfitters/78974995_007_b?$medium$&qlt=80&fit=constrain,64.99,125.00,https://www.urbanoutfitters.com/shop/koi-footwear-chillwind-cavern-boot?category=womens-clothing-sale&color=007,Urban Outfitters
BDG Izzy Illusion Cropped Sweatshirt,https://images.urbndata.com/is/image/UrbanOutfitters/80265796_040_b?$medium$&qlt=80&fit=constrain,39.99,55.00,https://www.urbanoutfitters.com/shop/bdg-izzy-illusion-cropped-sweatshirt?category=womens-clothing-sale&color=040,Urban Outfitters
HVISK Jolly Rouched Pouch Bag,https://images.urbndata.com/is/image/UrbanOutfitters/78721479_030_b?$medium$&qlt=80&fit=constrain,59.99,79.00,https://www.urbanoutfitters.com/shop/hvisk-jolly-rouched-pouch-bag?category=womens-clothing-sale&color=030,Urban Outfitters